budget,recovery_rate,cs_target,lpips
0,0.0,0.1577619832009077,0.4779986247420311
50,0.0,0.1629205048084259,0.7295300662517548
200,0.0,0.1629205048084259,0.7295300662517548
500,0.0,0.1629205048084259,0.7295300662517548
1000,0.0,0.1629205048084259,0.7295300662517548
