budget,recovery_rate,cs_target,lpips
0,0.4,0.16054741218686103,0.5667445242404938
50,1.0,0.18629691004753113,0.8057802468538284
200,1.0,0.18629691004753113,0.8057802468538284
500,1.0,0.18629691004753113,0.8057802468538284
1000,1.0,0.18629691004753113,0.8057802468538284
